Material,Scheduled Quantity,Delivery Date,Date Type
BPP426BW-CL-014,12,7.2025,m
BPP426BW-CC-015,21,7.2025,m
BPP426BW-CC-016,2,8.2025,m
BPS106BW-BC-001,12,7.2025,m
3000000003,1321,8.2025,m
3000000004,32,7.2025,m
3000000005,13,7.2025,m
3000000006,23,8.2025,m
3000000007,21,7.2025,m
3000000008,321,8.2025,m
3000000009,32,7.2025,m
1000000001,132,7.2025,m
1000000002,13,8.2025,m
1000000003,2,7.2025,m
1000000004,6351,8.2025,m
1000000005,35,7.2025,m
1000000006,498,7.2025,m
1000000007,43,8.2025,m
1000000008,165,7.2025,m
1000000010,46,8.2025,m
1000000011,321,7.2025,m
1000000012,654,7.2025,m
1000000013,321,8.2025,m
1000000014,98,7.2025,m
1000000015,4312,8.2025,m
RSHNC-HRH355-001,65,7.2025,m
RSHNC-HRH355-002,41,7.2025,m
RSHNC-HRH420-001,29,8.2025,m
RSHNC-HRH355-004,41,7.2025,m
RSHNC-HRH420-002,2,8.2025,m
RSHNC-HRH355-006,9864,7.2025,m
RSHNC-HRH420-003,13,7.2025,m
RSHNC-HRH420-004,98651,8.2025,m
RSHNC-HRH420-005,38,7.2025,m
RSHNC-HRH420-006,41,8.2025,m
RSHNC-HRH460-001,026,7.2025,m
RSHNC-HRH460-002,4,7.2025,m
RSHNC-HRH460-003,10,8.2025,m
RSHNC-HRH460-004,"6,854",7.2025,m
